path,label
train\xue\_798_4679101.jpeg,44
train\xiang\xiang_05 (1).jpg,42
train\chun\1.jpg,13
train\nan\_642_1538891.jpeg,34
train\nan\_653_5377389.jpeg,34
train\an1\20.jpg,2
train\zhu\_55_9094411.jpeg,48
train\ling\ling_01.jpg,30
train\mian\3.jpg,33
train\an1\_268_8907913.jpeg,2
train\cao1\_222_3611374.jpeg,9
train\lang\2805.png,28
train\cao\_166_4774589.jpeg,8
train\bing\70.png,7
train\lang\_531_6834212.jpeg,28
train\zhu\_888_9100736.jpeg,48
train\lao\lao_05 (1).jpg,29
train\hai\_421_4094082.jpeg,22
train\cao\_208_7353390 (1).jpeg,8
train\shi\_712_8448265.jpeg,38
train\ai\_6_6857453.jpeg,0
train\guang\guang_01.jpg,20
train\hao\hao_05 (1).jpg,24
train\zhu\_888_9100736 (1).jpeg,48
train\shi\_713_3878506.jpeg,38
train\nan\2.jpg,34
train\ai\00.jpg,0
train\jian\_521_8794805.jpeg,27
train\zhe\zhe_06 (1).jpg,46
train\di\_339_378201.jpeg,17
train\wu\_4_8212198.jpeg,40
train\cheng1\_196_6978799.jpeg,12
train\jian\36.jpg,27
train\zu\39.jpg,49
train\shao\17.png,36
train\chun\_254_8059498.jpeg,13
train\wu\wu_01.jpg,40
train\shao\17.jpg,36
train\gou\gou_03.jpg,19
train\lu\_68_1235609.jpeg,31
train\gou\gou_04.jpg,19
train\cao\cao_02 (1).jpg,8
train\chen\100.png,10
train\cheng1\_240_1234481.jpeg,12
train\chen\chen_01.jpg,10
train\guang1\210.png,21
train\ai\ai_06.jpg,0
train\xue\2.png,44
train\di\170.png,17
train\chun\_257_6340187.jpeg,13
train\ai\_4_2691914.jpeg,0
train\de\160.png,16
train\bao\_107_6146061 (1).jpeg,5
train\bai\_86_9838882.jpeg,4
train\ling\2.jpg,30
train\de\_122_9385178.jpeg,16
train\wu\_746_5595519.jpeg,40
train\hu\_482_3096987 (1).jpeg,25
train\cheng1\cheng1_02.jpg,12
train\xiang\4105.png,42
train\wu1\wu1_05.jpg,41
train\bing\_230_5297274.jpeg,7
train\chun\_248_8462411.jpeg,13
train\guang1\5.jpg,21
train\chun\3.png,13
train\jian\6.jpg,27
train\ling\061.jpg,30
train\bing\21.jpg,7
train\lao\1.jpg,29
train\de\04.jpg,16
train\xue\xue-seal.svg.png,44
train\lao\_564_4894089.jpeg,29
train\an\_33_785133.jpeg,1
train\lu\_584_919445.jpeg,31
train\zhe\zhe_01.jpg,46
train\bai\_79_567901.jpeg,4
train\jian\_510_1487856.jpeg,27
train\jian\3 (1).png,27
train\wu\_5_5060158.jpeg,40
train\ling\ling_01 (1).jpg,30
train\gou\3.png,19
train\han\_437_8350836.jpeg,23
train\ben\_131_3080358 (1).jpeg,6
train\zhao\_833_3480166.jpeg,45
train\xiang\3.jpg,42
train\bing\_134_9586373.jpeg,7
train\nan\nan_06 (1).jpg,34
train\bing\_140_1421264 (1).jpeg,7
train\an\_31_670226.jpeg,1
train\hua\2605.png,26
train\xue\1.png,44
train\lu1\_609_204945.jpeg,32
train\hu\05.png,25
train\ben\_124_6130645.jpeg,6
train\lu1\_615_8119982.jpeg,32
train\guang1\guang1_02 (1).jpg,21
train\hao\_154_459198.jpeg,24
train\lu\_602_7426120.jpeg,31
train\an1\an1_02.jpg,2
train\hai\2205.png,22
train\cheng\1105.png,11
train\hao\_152_981703.jpeg,24
train\wu1\_759_6847394.jpeg,41
train\cao\_168_796350.jpeg,8
train\xiang\_776_711091.jpeg,42
train\bai\40.jpg,4
train\xue\xue_02 (1).jpg,44
train\hao\44.png,24
train\wu1\_760_4993150.jpeg,41
train\cao\_209_6941933.jpeg,8
train\han\3.jpg,23
train\guang\_172_4070554.jpeg,20
train\shi\shi_02.jpg,38
train\de\13.jpg,16
train\nan\_643_5691945.jpeg,34
train\lao\290.png,29
train\sheng\_701_4293719.jpeg,37
train\bao\_241_5211997.jpeg,5
train\nan\nan_05.jpg,34
train\shang\_674_2578951.jpeg,35
train\zhao\48.png,45
train\ai\_0_8893565.jpeg,0
train\han\han-seal.svg.png,23
train\dao\_297_4167017.jpeg,15
train\zu\_909_7587678.jpeg,49
train\cao\cao_05.jpg,8
train\xiang\7.png,42
train\xin\_785_2075221.jpeg,43
train\han\han_02 (1).jpg,23
train\lang\_533_7629604.jpeg,28
train\mian\_632_1041476.jpeg,33
train\cao1\_224_8274163.jpeg,9
train\ao\_64_3484151.jpeg,3
train\wu\_730_2283873.jpeg,40
train\lu1\2.jpg,32
train\xin\_45_5918400.jpeg,43
train\gou\gou_01.jpg,19
train\cun\_275_9838020.jpeg,14
train\nan\_659_9599577.jpeg,34
train\shang\_669_9402130.jpeg,35
train\lu\161.jpg,31
train\cun\_274_2372435.jpeg,14
train\lu1\320.png,32
train\sheng\19.jpg,37
train\dao\dao_04.jpg,15
train\ai\download.png,0
train\gou\_130_103233.jpeg,19
train\zhong\8.jpg,47
train\xin\281.jpg,43
train\xue\_810_8046536.jpeg,44
train\ai\ai_05.jpg,0
train\ting\ting_02 (1).jpg,39
train\lao\_551_9282023.jpeg,29
train\cheng1\9.jpg,12
train\ao\_70_8272974.jpeg,3
train\lao\7.png,29
train\hua\hua_06 (1).jpg,26
train\hu\_475_7902916.jpeg,25
train\ao\ao-seal.svg.png,3
train\zhu\4.jpg,48
train\hai\4.png,22
train\shao\_688_6239245.jpeg,36
train\zhe\zhe_02 (1).jpg,46
train\sheng\_693_6715059.jpeg,37
train\hao\_467_3445545.jpeg,24
train\guang1\guang1_03.jpg,21
train\ai\5.png,0
train\lu\_593_7217222.jpeg,31
train\gou\_369_6420590.jpeg,19
train\bao\bao_06.jpg,5
train\bai\_273_256366 (1).jpeg,4
train\zu\12.jpg,49
train\shao\171.jpg,36
train\ao\_66_1498158.jpeg,3
train\zu\_15_1395808.jpeg,49
train\jian\jian-seal.svg.png,27
train\lao\_80_5611582 (1).jpeg,29
train\nan\_646_3213001.jpeg,34
train\dao\10.png,15
train\ao\_251_4565843.jpeg,3
train\lu1\_108_4399296.jpeg,32
train\chun\130.png,13
train\bao\_100_6215054.jpeg,5
train\bing\705.png,7
train\cheng1\229.jpg,12
train\xin\_778_1563724.jpeg,43
train\de\_311_3299614.jpeg,16
train\ben\11.png,6
train\di\di_03.jpg,17
train\sheng\3.png,37
train\de\de_03.jpg,16
train\ao\309.jpg,3
train\sheng\_700_9554194.jpeg,37
train\hao\hao_02 (1).jpg,24
train\cun\4.jpg,14
train\jian\_509_2272631.jpeg,27
train\cun\_210_1723965.jpeg,14
train\dao\33.jpg,15
train\fan\fan_05 (1).jpg,18
train\guang1\14.png,21
train\wu\_733_2478194.jpeg,40
train\cao1\_185_2893711.jpeg,9
train\de\2.jpg,16
train\nan\46.png,34
train\zhong\_866_9011068.jpeg,47
train\dao\_203_4962979.jpeg,15
train\cheng1\cheng11-seal.svg.png,12
train\zu\zu_03.jpg,49
train\xin\_781_4718308.jpeg,43
train\shi\_35_6563748.jpeg,38
train\zhe\091.jpg,46
train\guang\guang-seal.svg.png,20
train\ting\_726_2919472.jpeg,39
train\cheng\cheng_05 (1).jpg,11
train\bing\4.png,7
train\sheng\sheng_05.jpg,37
train\de\7.png,16
train\shang\071.jpg,35
train\jian\jian_04.jpg,27
train\bai\_270_9386197.jpeg,4
train\lang\2.png,28
train\lao\lao_01 (1).jpg,29
train\mian\mian-seal.svg.png,33
train\mian\36.jpg,33
train\lu\310.png,31
train\cao\_156_1048081.jpeg,8
train\cheng\10.png,11
train\di\4.jpg,17
train\lu1\26.png,32
train\han\_433_9547158.jpeg,23
train\bai\_275_5187942.jpeg,4
train\hu\hu_02.jpg,25
train\shang\_664_5553902.jpeg,35
train\lu1\_607_1733665.jpeg,32
train\chun\chun_04.jpg,13
train\chen\2.png,10
train\bao\_98_6581776.jpeg,5
train\bai\bai_05.jpg,4
train\guang1\_135_3733083.jpeg,21
train\ao\4.jpg,3
train\dao\150.png,15
train\an1\_54_6968656 (1).jpeg,2
train\an\an_02.jpg,1
train\hao\_460_5129792.jpeg,24
train\chun\329.jpg,13
train\zu\4.png,49
train\dao\2.png,15
train\wu1\_754_1745103.jpeg,41
train\xue\_809_113951 (1).jpeg,44
train\cun\_281_8455752.jpeg,14
train\han\6.jpg,23
train\an1\_264_3190476.jpeg,2
train\chun\4.png,13
train\zhong\_871_4012440.jpeg,47
train\chen\02.jpg,10
train\di\_324_5772707.jpeg,17
train\cao\_152_1322968.jpeg,8
train\di\6.png,17
train\wu1\_39_1429729.jpeg,41
train\guang1\_137_3612325.jpeg,21
train\gou\_368_771253.jpeg,19
train\lao\5.png,29
train\ling\_566_5027525.jpeg,30
train\di\1705.png,17
train\hao\hao_01 (1).jpg,24
train\ting\380.png,39
train\guang\04.jpg,20
train\hao\_463_7375593.jpeg,24
train\ben\_129_9957011.jpeg,6
train\shao\3605.png,36
train\zhao\zhao_02 (1).jpg,45
train\han\_441_9634799.jpeg,23
train\bing\_141_7670339.jpeg,7
train\dao\8.jpg,15
train\cao1\4.jpg,9
train\mian\361.jpg,33
train\chen\02.png,10
train\han\han_02.jpg,23
train\hai\24.jpg,22
train\jian\jian_02 (1).jpg,27
train\chen\chen_06 (1).jpg,10
train\chun\32.png,13
train\bai\_89_5654892 (1).jpeg,4
train\lu\1.png,31
train\an\7.jpg,1
train\xue\_805_3314971.jpeg,44
train\hu\2.png,25
train\lang\5.jpg,28
train\mian\_624_4641243.jpeg,33
train\lang\lang_06 (1).jpg,28
train\cao1\_182_7353222.jpeg,9
train\an1\_55_8593125.jpeg,2
train\lang\_537_415304.jpeg,28
train\ben\ben_01 (1).jpg,6
train\zhong\_11_4786937 (1).jpeg,47
train\ao\ao_03.jpg,3
train\cheng\cheng_02 (1).jpg,11
train\hua\_506_9737765.jpeg,26
train\lang\lang_06.jpg,28
train\nan\11.jpg,34
train\mian\6.png,33
train\lu\16.jpg,31
train\an\_255_5497519 (1).jpeg,1
train\cao1\_181_2114581.jpeg,9
train\lao\lao_06 (1).jpg,29
train\mian\_84_2028855.jpeg,33
train\lu1\lu1-seal.svg.png,32
train\shang\_61_3292450.jpeg,35
train\han\_163_968951.jpeg,23
train\chun\_239_5366224.jpeg,13
train\wu\_732_9617265.jpeg,40
train\hua\hua_02 (1).jpg,26
train\xue\xue_06.jpg,44
train\mian\_627_7612250.jpeg,33
train\chen\029.jpg,10
train\hu\_473_2739094.jpeg,25
train\ai\_12_3715033 (1).jpeg,0
train\nan\_90_7312375.jpeg,34
train\gou\_372_298630.jpeg,19
train\wu1\_750_9382752.jpeg,41
train\bai\_274_4397322.jpeg,4
train\wu1\wu1_05 (1).jpg,41
train\zu\_16_4079349.jpeg,49
train\an1\_52_3086202.jpeg,2
train\cao1\_186_5718574.jpeg,9
train\chen\_181_2662355.jpeg,10
train\bao\_243_1953572.jpeg,5
train\chun\2.jpg,13
train\bai\405.png,4
train\hu\3.png,25
train\hua\151.jpg,26
train\lao\_563_2650839.jpeg,29
train\cheng\4.png,11
train\dao\_292_1583495.jpeg,15
train\wu\_1_8977468.jpeg,40
train\zhu\zhu_01.jpg,48
train\zhe\zhe_03.jpg,46
train\zhe\_851_5659381.jpeg,46
train\ai\_261_4282252.jpeg,0
train\hu\250.png,25
train\zhe\zhe_06.jpg,46
train\shi\_31_5566857.jpeg,38
train\han\_442_2286512 (1).jpeg,23
train\lu1\lu1_04.jpg,32
train\shang\07.png,35
train\xiang\xiang_01.jpg,42
train\nan\28.jpg,34
train\bing\_150_1104704.jpeg,7
train\ai\ai_04.jpg,0
train\hua\hua_06.jpg,26
train\an\_30_6995703.jpeg,1
train\ling\_115_5889452.jpeg,30
train\an1\_267_6972486.jpeg,2
train\jian\25.png,27
train\zhu\291.jpg,48
train\ao\6.jpg,3
train\wu1\wu1_02.jpg,41
train\an\_254_1362750.jpeg,1
train\hai\_416_5698477.jpeg,22
train\hua\_493_3329711.jpeg,26
train\xin\_46_2196342.jpeg,43
train\nan\nan_03 (1).jpg,34
train\han\1.png,23
train\bai\_92_728440.jpeg,4
train\ai\6.jpg,0
train\an1\_46_9074.jpeg,2
train\dao\dao_03 (1).jpg,15
train\bing\_133_7176888.jpeg,7
train\hai\_429_524299.jpeg,22
train\guang1\_412_7220349.jpeg,21
train\chen\_202_1208865.jpeg,10
train\di\1.jpg,17
train\zu\zu_02.jpg,49
train\cun\_213_7784167.jpeg,14
train\xin\_796_7539752.jpeg,43
train\ai\ai_06 (1).jpg,0
train\xue\xue_05.jpg,44
train\zhu\_873_9428471.jpeg,48
train\lao\_80_5611582.jpeg,29
train\ai\_3_4281432.jpeg,0
train\zu\zu_06.jpg,49
train\ao\30.jpg,3
train\bai\_94_4399819.jpeg,4
train\ben\ben_04.jpg,6
train\ao\ao_01 (1).jpg,3
train\bing\5.jpg,7
train\han\2.png,23
train\gou\2.png,19
train\ling\_114_3506612.jpeg,30
train\bao\_107_6146061.jpeg,5
train\shang\_676_4685353.jpeg,35
train\hai\_426_5415504.jpeg,22
train\guang1\_407_1069103.jpeg,21
train\wu1\5.jpg,41
train\chun\_235_1684737.jpeg,13
train\zhong\_854_1176964.jpeg,47
train\zu\_899_702010.jpeg,49
train\sheng\sheng_01 (1).jpg,37
train\guang\2005.png,20
train\zhe\_849_3018929.jpeg,46
train\di\_325_3363009.jpeg,17
train\shang\3.jpg,35
train\chen\chen_05.jpg,10
train\lu1\_617_1183350.jpeg,32
train\lu\lu_02 (1).jpg,31
train\zhao\zhao_06 (1).jpg,45
train\xiang\xiang_06.jpg,42
train\lang\lang_05.jpg,28
train\guang\guang_06.jpg,20
train\xue\_797_1002046.jpeg,44
train\ling\_583_2686430.jpeg,30
train\mian\_87_9845814.jpeg,33
train\chun\_250_612494.jpeg,13
train\xue\xue_05 (1).jpg,44
train\cao\cao-seal.svg.png,8
train\chun\chun-seal.svg.png,13
train\mian\_89_8811394.jpeg,33
train\chun\_265_9068187.jpeg,13
train\lao\_548_8626529.jpeg,29
train\hua\_502_3635542.jpeg,26
train\chun\_264_9957397.jpeg,13
train\guang\_173_3323431.jpeg,20
train\wu1\_755_6730111.jpeg,41
train\fan\339.jpg,18
train\zhe\_843_739203.jpeg,46
train\wu\wu_01 (1).jpg,40
train\an1\205.png,2
train\cheng1\5.png,12
train\xiang\_769_5302674.jpeg,42
train\sheng\_694_8859474.jpeg,37
train\hai\_423_5643413.jpeg,22
train\ao\ao_04.jpg,3
train\ling\_578_3620126.jpeg,30
train\xin\_783_8283817.jpeg,43
train\zhong\zhong_01 (1).jpg,47
train\zu\13.jpg,49
train\chen\chen_01 (1).jpg,10
train\wu1\_762_7558852.jpeg,41
train\shi\_704_3210602.jpeg,38
train\wu\wu_05.jpg,40
train\shao\shao_06 (1).jpg,36
train\cheng\5.jpg,11
train\cun\_212_1758293.jpeg,14
train\ting\4.jpg,39
train\bing\bing_03 (1).jpg,7
train\chun\_258_2918660.jpeg,13
train\ting\_719_4086784.jpeg,39
train\de\_121_4420981.jpeg,16
train\ben\60.png,6
train\bing\_145_2280560.jpeg,7
train\lu\_601_6258795.jpeg,31
train\jian\_520_6195898.jpeg,27
train\han\_166_6772402.jpeg,23
train\nan\9.jpg,34
train\zhu\zhu_06 (1).jpg,48
train\zhao\_48_6664231.jpeg,45
train\shang\1.png,35
train\lao\4.jpg,29
train\ai\001.png,0
train\di\_327_5823890.jpeg,17
train\lang\_544_2929975.jpeg,28
train\bao\_245_2689546.jpeg,5
train\di\di_02 (1).jpg,17
train\ting\37.png,39
train\dao\_301_9163367.jpeg,15
train\zhu\311.jpg,48
train\xin\1.jpg,43
train\cheng\cheng-seal.svg.png,11
train\cao1\cao1_06.jpg,9
train\mian\mian_06.jpg,33
train\hua\hua_03.jpg,26
train\lao\2905.png,29
train\zhu\_876_410060.jpeg,48
train\wu\1.jpg,40
train\ting\5.png,39
train\di\di_01.jpg,17
train\xue\_801_7741773.jpeg,44
train\nan\_656_3078070.jpeg,34
train\mian\_85_7503514.jpeg,33
train\zhao\9.jpg,45
train\di\di_04 (1).jpg,17
train\ao\_246_2420879.jpeg,3
train\sheng\sheng_02 (1).jpg,37
train\lao\_82_9603942.jpeg,29
train\lu\lu_01.jpg,31
train\jian\_526_8158561.jpeg,27
train\zhong\_10_2240522.jpeg,47
train\cheng1\_195_1590774.jpeg,12
train\hu\_174_2038048.jpeg,25
train\ling\_580_4792698.jpeg,30
train\xin\xin_03.jpg,43
train\bing\_148_668577.jpeg,7
train\an\1.jpg,1
train\di\_158_8697955.jpeg,17
train\hai\_142_2525811.jpeg,22
train\cao1\cao1_02 (1).jpg,9
train\cheng\8.jpg,11
train\hu\_175_5191150.jpeg,25
train\ai\9.png,0
train\cheng\_210_4731871.jpeg,11
train\lu\lu_03.jpg,31
train\cheng\_215_5001965.jpeg,11
train\shang\shang-seal.svg.png,35
train\wu1\_764_453156.jpeg,41
train\dao\03.png,15
train\bao\_99_5286297.jpeg,5
train\hai\_420_7494951.jpeg,22
train\cheng1\_193_5023103.jpeg,12
train\hua\_496_6008754.jpeg,26
train\jian\jian_05 (1).jpg,27
train\fan\3.jpg,18
train\shao\shao_06.jpg,36
train\guang\9.jpg,20
train\xiang\_772_7860658.jpeg,42
train\chun\7.jpg,13
train\cao1\cao1_03.jpg,9
train\cun\_276_8342959.jpeg,14
train\lu\4.png,31
train\xin\2.png,43
train\wu1\6.png,41
train\zu\7.png,49
train\wu\_744_6502872.jpeg,40
train\zu\zu_04.jpg,49
train\an\_257_487350.jpeg,1
train\xiang\6.jpg,42
train\hua\1.jpg,26
train\di\di_04.jpg,17
train\an1\_51_1530739 (1).jpeg,2
train\ting\_727_1446962.jpeg,39
train\guang1\1.png,21
train\xiang\xiang_05.jpg,42
train\lu1\_603_3099539.jpeg,32
train\mian\9.jpg,33
train\shang\2.jpg,35
train\hao\06.jpg,24
train\an1\_44_6968613.jpeg,2
train\zhao\_830_9394705.jpeg,45
train\xiang\_774_5299309 (1).jpeg,42
train\chen\_192_5619016.jpeg,10
train\jian\jian_03.jpg,27
train\hu\_483_1939797.jpeg,25
train\zhe\_839_3065168.jpeg,46
train\jian\jian_02.jpg,27
train\chun\_236_5808373.jpeg,13
train\lao\lao_05.jpg,29
train\mian\2.png,33
train\lang\lang_01.jpg,28
train\ting\2.png,39
train\hu\_487_8968041.jpeg,25
train\ting\ting_05 (1).jpg,39
train\bing\bing-seal.svg.png,7
train\an1\an11-seal.svg.png,2
train\cheng1\_197_3695211.jpeg,12
train\cao1\2.jpg,9
train\an\10 (1).jpg,1
train\wu\_734_2334115.jpeg,40
train\lang\_527_1717223.jpeg,28
train\lao\451.jpg,29
train\hai\220.png,22
train\hua\_499_2848117.jpeg,26
train\bai\bai_02.jpg,4
train\guang1\guang1_02.jpg,21
train\cao\_167_7174892.jpeg,8
train\de\de_02 (1).jpg,16
train\cheng1\cheng1_06 (1).jpg,12
train\zhu\2.jpg,48
train\cheng1\22.png,12
train\cheng\cheng_02.jpg,11
train\an\an_06.jpg,1
train\an\an_03 (1).jpg,1
train\guang1\14.jpg,21
train\an\_21_2998817.jpeg,1
train\an\2.jpg,1
train\wu\wu_03.jpg,40
train\hua\_507_6095975.jpeg,26
train\lao\45.jpg,29
train\wu1\_37_3890836.jpeg,41
train\guang\_171_3293129.jpeg,20
train\wu\471.jpg,40
train\lao\17.jpg,29
train\di\_336_1730926.jpeg,17
train\cao\805.png,8
train\an\_19_6158133.jpeg,1
train\fan\fan-seal.svg.png,18
train\sheng\sheng-seal.svg.png,37
train\xiang\18.jpg,42
train\zhong\4.jpg,47
train\shi\_710_3745803.jpeg,38
train\bai\bai_01.jpg,4
train\guang\_168_6128126.jpeg,20
train\de\139.jpg,16
train\di\14.jpg,17
train\lang\07.jpg,28
train\guang\guang_06 (1).jpg,20
train\ai\_2_4753895.jpeg,0
train\shi\_707_4249993.jpeg,38
train\an\105.png,1
train\xue\310.jpg,44
train\zhe\_836_5714535.jpeg,46
train\xue\xue_04.jpg,44
train\nan\_91_8098970.jpeg,34
train\mian\mian_04.jpg,33
train\lu\_71_5308737.jpeg,31
train\bai\_93_8785815.jpeg,4
train\guang\041.jpg,20
train\zhe\_27_163017.jpeg,46
train\xiang\_774_5299309.jpeg,42
train\xin\_47_5548170.jpeg,43
train\guang1\_408_9958162.jpeg,21
train\guang1\9.jpg,21
train\shang\_674_2578951 (1).jpeg,35
train\ai\009.jpg,0
train\hu\_471_5481602.jpeg,25
train\zhao\440.png,45
train\cao1\_187_3455383.jpeg,9
train\de\_304_9312888.jpeg,16
train\zhe\zhe_01 (1).jpg,46
train\xue\_809_113951.jpeg,44
train\xiang\xiang_01 (1).jpg,42
train\cheng1\11.jpg,12
train\xiang\xiang_02 (1).jpg,42
train\jian\_525_3659039.jpeg,27
train\guang1\_403_8335351.jpeg,21
train\wu\3.png,40
train\de\de_05.jpg,16
train\ao\_60_8645012.jpeg,3
train\sheng\5.jpg,37
train\wu\_735_1740348.jpeg,40
train\bao\01.jpg,5
train\hai\3.jpg,22
train\guang\200.png,20
train\zhong\zhong_06 (1).jpg,47
train\zu\_16_4079349 (1).jpeg,49
train\ting\ting_01 (1).jpg,39
train\ting\_721_7694506.jpeg,39
train\an1\1.png,2
train\fan\_346_90173.jpeg,18
train\sheng\image006 (1).jpg,37
train\fan\_146_548265.jpeg,18
train\guang1\15.jpg,21
train\bai\4.jpg,4
train\lang\_538_9544016.jpeg,28
train\ling\ling_06 (1).jpg,30
train\cheng1\_244_1409364.jpeg,12
train\nan\nan_01 (1).jpg,34
train\di\_156_7994729.jpeg,17
train\dao\dao_05.jpg,15
train\hua\15.png,26
train\cao\cao_01.jpg,8
train\zhao\_834_3496032.jpeg,45
train\xin\_780_290870.jpeg,43
train\lao\_78_8772747.jpeg,29
train\ling\_582_5094695.jpeg,30
train\lu1\26.jpg,32
train\cun\cun_02.jpg,14
train\zhong\2.jpg,47
train\gou\_374_6462977.jpeg,19
train\xue\_22_5665830.jpeg,44
train\zhao\_50_1257802.jpeg,45
train\ao\ao_06.jpg,3
train\chen\chen_06.jpg,10
train\lu\3105.png,31
train\ting\ting_06 (1).jpg,39
train\shao\3.png,36
train\an\109.jpg,1
train\cheng1\_238_7389883.jpeg,12
train\nan\_649_672405.jpeg,34
train\zu\_906_6183010.jpeg,49
train\cao\80.png,8
train\ting\_720_8429516.jpeg,39
train\ling\ling_06.jpg,30
train\shi\shi_05.jpg,38
train\guang\_387_8165131.jpeg,20
train\ting\ting_02.jpg,39
train\gou\gou_01 (1).jpg,19
train\guang\_388_7485858.jpeg,20
train\gou\_359_9958344.jpeg,19
train\dao\dao_03.jpg,15
train\bao\50.png,5
train\hua\_500_9552862.jpeg,26
train\shang\_670_5450834 (1).jpeg,35
train\ai\ai-seal.svg.png,0
train\hu\_472_8994196.jpeg,25
train\xin\_793_6333577.jpeg,43
train\xin\xin_05.jpg,43
train\guang\_170_8956727.jpeg,20
train\zhong\_9_696377.jpeg,47
train\hua\_495_1102984.jpeg,26
train\zhao\_818_4742838.jpeg,45
train\zhong\_7_7755279.jpeg,47
train\ben\1.jpg,6
train\guang\guang_03.jpg,20
train\bao\bao_05 (1).jpg,5
train\ting\6.png,39
train\ben\_216_8143092.jpeg,6
train\mian\mian_01 (1).jpg,33
train\mian\5.jpg,33
train\an\3.jpg,1
train\cun\42.png,14
train\bing\2.jpg,7
train\guang\8.jpg,20
train\hua\_102_9826976 (1).jpeg,26
train\wu\wu-seal.svg.png,40
train\ao\2.jpg,3
train\han\han_03.jpg,23
train\han\_442_2286512.jpeg,23
train\wu1\_765_1791380.jpeg,41
train\de\1.png,16
train\cheng\_188_626330.jpeg,11
train\lang\_73_5796019.jpeg,28
train\zu\zu_02 (1).jpg,49
train\ting\29.jpg,39
train\xiang\181.jpg,42
train\wu\_3_9010862.jpeg,40
train\lu\_600_5605441.jpeg,31
train\hao\hao_04.jpg,24
train\nan\_657_7682523.jpeg,34
train\wu1\_40_7184360.jpeg,41
train\cao\7.jpg,8
train\sheng\_698_435538.jpeg,37
train\hu\hu_03.jpg,25
train\dao\_198_6327056.jpeg,15
train\zhao\zhao-seal.svg.png,45
train\zu\_12_7745165.jpeg,49
train\hao\_151_3660767.jpeg,24
train\bao\_111_5823233.jpeg,5
train\zhu\470.png,48
train\an\_32_8589222.jpeg,1
train\ai\aiaia.png,0
train\lu\_588_3243872.jpeg,31
train\ling\_119_7888518.jpeg,30
train\ben\ben_02 (1).jpg,6
train\zhong\_864_9643505.jpeg,47
train\an\_28_5332990.jpeg,1
train\cheng1\6.jpg,12
train\cheng\12.png,11
train\lu\lu_05.jpg,31
train\hai\2.jpg,22
train\bing\219.jpg,7
train\xue\xue_02.jpg,44
train\di\_335_7025818.jpeg,17
train\han\35.jpg,23
train\chen\chen_03.jpg,10
train\xue\xue1111.jpg,44
train\zhong\211.jpg,47
train\wu1\wu1_03.jpg,41
train\xin\6.jpg,43
train\dao\1.jpg,15
train\xue\_19_2226676.jpeg,44
train\chen\1.png,10
train\cun\cun_03.jpg,14
train\di\23.png,17
train\cao\_205_5498289.jpeg,8
train\ben\_130_6581023.jpeg,6
train\hu\hu_01.jpg,25
train\de\_316_7087638.jpeg,16
train\han\_432_4947267.jpeg,23
train\gou\_362_4106600.jpeg,19
train\chun\chun_06.jpg,13
train\zu\2.jpg,49
train\ben\ben_05.jpg,6
train\nan\_93_7188868.jpeg,34
train\chen\_204_2312664.jpeg,10
train\zhong\_868_986837.jpeg,47
train\lu1\lu1_06 (1).jpg,32
train\ling\06.png,30
train\xiang\_777_9982968.jpeg,42
train\hai\_427_5537549.jpeg,22
train\hua\2.jpg,26
train\zhe\450.png,46
train\hao\7.png,24
train\ling\1.png,30
train\cun\cun_05 (1).jpg,14
train\han\han_01.jpg,23
train\mian\_635_4458994.jpeg,33
train\cheng\129.jpg,11
train\cheng\cheng_04.jpg,11
train\mian\mian_05 (1).jpg,33
train\sheng\_698_435538 (1).jpeg,37
train\wu1\_764_453156 (1).jpeg,41
train\bai\_271_5405069.jpeg,4
train\chun\_237_9648896.jpeg,13
train\ling\_116_3922990.jpeg,30
train\xiang\11.jpg,42
train\nan\461.jpg,34
train\hua\_102_9826976.jpeg,26
train\an\an-seal.svg.png,1
train\fan\_352_364827.jpeg,18
train\ben\3.jpg,6
train\lao\3.jpg,29
train\cun\_271_817533.jpeg,14
train\sheng\_691_4012716.jpeg,37
train\chen\_195_4809655.jpeg,10
train\lu1\_608_2520029.jpeg,32
train\wu\_0_3990508.jpeg,40
train\bing\_232_6129043.jpeg,7
train\nan\4.jpg,34
train\shang\shang_04 (1).jpg,35
train\lang\3.jpg,28
train\wu1\081.jpg,41
train\hai\hai_02.jpg,22
train\cao\_204_4068215.jpeg,8
train\han\4.jpg,23
train\zhe\_853_286675.jpeg,46
train\xiang\5.png,42
train\hai\25.jpg,22
train\wu1\4005.png,41
train\cheng1\cheng1_03.jpg,12
train\wu\390.png,40
train\hu\_176_3832657.jpeg,25
train\cheng1\3.png,12
train\ai\00.png,0
train\hai\hai_03.jpg,22
train\chun\chun_01.jpg,13
train\bao\_101_7384310.jpeg,5
train\de\_318_6673906.jpeg,16
train\zhe\5.jpg,46
train\cao\4.jpg,8
train\guang\guang_05 (1).jpg,20
train\zhong\zhong_05 (1).jpg,47
train\lang\_539_5825678.jpeg,28
train\cao\_154_591500.jpeg,8
train\cheng\2.jpg,11
train\hua\15.jpg,26
train\ao\8.jpg,3
train\shao\shao_05 (1).jpg,36
train\xiang\_770_7550777.jpeg,42
train\de\_124_3357853.jpeg,16
train\shang\_665_8790077.jpeg,35
train\cheng1\22.jpg,12
train\bing\6.jpg,7
train\hua\hua-seal.svg.png,26
train\lu1\_112_6700433.jpeg,32
train\fan\2.jpg,18
train\mian\_634_2958461.jpeg,33
train\lu1\_613_8931732.jpeg,32
train\zhu\_58_824995.jpeg,48
train\di\9.jpg,17
train\hao\_459_1432485.jpeg,24
train\ben\_120_223060.jpeg,6
train\fan\_144_1163940.jpeg,18
train\zu\_895_7159494.jpeg,49
train\shi\_714_7826658.jpeg,38
train\wu\wu_06.jpg,40
train\hu\05.jpg,25
train\hai\hai_04.jpg,22
train\shao\_686_7935513.jpeg,36
train\an\_23_1645624.jpeg,1
train\shao\360.png,36
train\guang\2.jpg,20
train\bing\_228_5550455.jpeg,7
train\hai\hai_04 (1).jpg,22
train\wu1\2.png,41
train\guang1\_398_226549.jpeg,21
train\lu\_596_1653749.jpeg,31
train\cao\8.jpg,8
train\cheng\_224_7056026.jpeg,11
train\bing\_150_1104704 (1).jpeg,7
train\han\_450_9465539.jpeg,23
train\shi\_705_3182256.jpeg,38
train\lang\351.jpg,28
train\cao\02.jpg,8
train\zu\zu-seal.svg.png,49
train\xue\xue_01 (1).jpg,44
train\ling\ling_03.jpg,30
train\lao\_550_1685464.jpeg,29
train\bing\bing_02.jpg,7
train\cun\cun_04.jpg,14
train\zu\zu_06 (1).jpg,49
train\lu\_66_2113821.jpeg,31
train\chun\chun_01 (1).jpg,13
train\cheng1\8.png,12
train\hao\_458_4994269.jpeg,24
train\ben\_128_3105167.jpeg,6
train\ling\_118_7070986.jpeg,30
train\bing\bing_01.jpg,7
train\hao\_468_1837544.jpeg,24
train\dao\_200_6332334.jpeg,15
train\sheng\image006.jpg,37
train\hao\_453_4405553.jpeg,24
train\bai\bai_06.jpg,4
train\wu1\_752_7124561.jpeg,41
train\zhao\_828_8099261.jpeg,45
train\xiang\4.png,42
train\an1\_54_6968656.jpeg,2
train\sheng\27.png,37
train\cun\5.jpg,14
train\hai\_419_3320002 (1).jpeg,22
train\lu1\3.png,32
train\hao\hao_03.jpg,24
train\ben\5.jpg,6
train\zhu\zhu_03.jpg,48
train\hai\_139_2117259.jpeg,22
train\nan\_648_1882473.jpeg,34
train\wu1\_41_3999769.jpeg,41
train\xiang\xiang_02.jpg,42
train\gou\gou-seal.svg.png,19
train\cao\3.jpg,8
train\an\_255_5497519.jpeg,1
train\zu\480.png,49
train\ting\_724_4978407 (1).jpeg,39
train\lu1\lu1_01.jpg,32
train\ai\000.jpg,0
train\ai\8.jpg,0
train\sheng\_695_8793787.jpeg,37
train\guang\_386_1875417.jpeg,20
train\han\8.jpg,23
train\ben\ben_03.jpg,6
train\zu\012.jpg,49
train\ling\_569_4991693.jpeg,30
train\an\100.jpg,1
train\wu1\3.jpg,41
train\ting\_723_5009414.jpeg,39
train\shang\_60_8987927.jpeg,35
train\shi\_34_1587609.jpeg,38
train\bao\bao_01.jpg,5
train\zhong\5.png,47
train\wu1\wu1-seal.svg.png,41
train\hai\241.jpg,22
train\zhao\zhao_05 (1).jpg,45
train\chen\_182_6773434.jpeg,10
train\de\de_01.jpg,16
train\ai\_10_8999747.jpeg,0
train\jian\_514_6990800.jpeg,27
train\zhao\4.jpg,45
train\hao\_462_5079378.jpeg,24
train\bao\bao_05.jpg,5
train\nan\_658_3707111.jpeg,34
train\dao\_290_8213712.jpeg,15
train\han\_167_6428100.jpeg,23
train\lu\lu_04.jpg,31
train\ao\ao_02 (1).jpg,3
train\de\_313_9195689.jpeg,16
train\ao\_74_8828538.jpeg,3
train\zhao\_831_475950.jpeg,45
train\gou\_127_7022535.jpeg,19
train\jian\_524_8912953.jpeg,27
train\cun\_267_1092178.jpeg,14
train\wu\7.png,40
train\shang\_65_2520742.jpeg,35
train\lang\_536_5583437.jpeg,28
train\cheng\3.png,11
train\zhao\481.jpg,45
train\chen\5.jpg,10
train\hai\8.jpg,22
train\xin\_42_2096252 (1).jpeg,43
train\lang\_529_276991.jpeg,28
train\zhao\_52_2198262.jpeg,45
train\chun\chun_03.jpg,13
train\zhong\_869_3899930.jpeg,47
train\chen\_184_6117561.jpeg,10
train\cheng1\cheng1_01.jpg,12
train\hua\_505_5311519.jpeg,26
train\lu\_70_8090857 (1).jpeg,31
train\zhu\zhu_05 (1).jpg,48
train\hao\1.png,24
train\mian\mian_05.jpg,33
train\zhe\09.jpg,46
train\bai\bai-seal.svg.png,4
train\an1\_50_5012049.jpeg,2
train\zhe\zhe_04.jpg,46
train\lang\lang_03.jpg,28
train\ai\_5_6133302.jpeg,0
train\lu1\_606_3792466.jpeg,32
train\cun\2.png,14
train\bai\3.jpg,4
train\xiang\xiang-seal.svg.png,42
train\nan\_92_700947.jpeg,34
train\bao\_109_2159150.jpeg,5
train\xin\xin_05 (1).jpg,43
train\lu1\1.png,32
train\lu1\9.jpg,32
train\an1\_266_2585388.jpeg,2
train\cheng1\_237_73111.jpeg,12
train\lao\_83_2537348.jpeg,29
train\an1\_269_8380654.jpeg,2
train\wu1\9.jpg,41
train\xin\_790_5538403.jpeg,43
train\lang\_532_7997326.jpeg,28
train\zhao\_49_3002745.jpeg,45
train\di\_157_2120812.jpeg,17
train\mian\_631_3832279.jpeg,33
train\guang\1.png,20
train\han\341.jpg,23
train\lu\lu_06 (1).jpg,31
train\ting\371.jpg,39
train\an\_253_6546637.jpeg,1
train\ben\_219_7565505.jpeg,6
train\zu\zu_05 (1).jpg,49
train\de\_319_921163.jpeg,16
train\di\2.jpg,17
train\wu\4.png,40
train\zhong\zhong_03.jpg,47
train\lao\_559_2731321.jpeg,29
train\cun\_278_5965549.jpeg,14
train\xin\5.jpg,43
train\cheng1\1.png,12
train\lu\lu_02.jpg,31
train\bai\_274_4397322 (1).jpeg,4
train\xue\_18_5490334.jpeg,44
train\zhu\4705.png,48
train\xin\_787_5403975.jpeg,43
train\ben\_119_2974286.jpeg,6
train\shao\_689_7304380.jpeg,36
train\guang\guang_02 (1).jpg,20
train\lang\lang_04.jpg,28
train\xin\xin-seal.svg.png,43
train\bao\01.png,5
train\dao\_286_4901748.jpeg,15
train\lao\_547_7991936.jpeg,29
train\zu\zu_01 (1).jpg,49
train\hu\hu_03 (1).jpg,25
train\fan\331.jpg,18
train\bai\_77_6326790.jpeg,4
train\nan\_641_3989406.jpeg,34
train\an1\4.png,2
train\an\_26_504797.jpeg,1
train\sheng\1.png,37
train\ben\6.jpg,6
train\zhong\zhong_04.jpg,47
train\ling\_575_4232755.jpeg,30
train\cao1\cao1_01 (1).jpg,9
train\hua\_107_927720.jpeg,26
train\xiang\2.jpg,42
train\sheng\3705.png,37
train\de\6.jpg,16
train\dao\_202_2995184.jpeg,15
train\chen\_185_3207252.jpeg,10
train\ai\ai_03.jpg,0
train\nan\6.jpg,34
train\zu\_907_9944956.jpeg,49
train\cheng1\cheng1_05 (1).jpg,12
train\ao\1.jpg,3
train\zhu\zhu-seal.svg.png,48
train\jian\_96_8295825.jpeg,27
train\bai\_84_442793.jpeg,4
train\cheng\9.jpg,11
train\zhu\_882_2312775 (1).jpeg,48
train\cao\1.jpg,8
train\bai\_90_8405560 (1).jpeg,4
train\jian\jian_05.jpg,27
train\cao\11.jpg,8
train\xiang\18.png,42
train\xin\3.jpg,43
train\chen\_203_7361107.jpeg,10
train\guang1\_400_3286730.jpeg,21
train\bao\_242_2019413.jpeg,5
train\di\_160_967538.jpeg,17
train\bing\7.jpg,7
train\sheng\27.jpg,37
train\bing\_137_4294235.jpeg,7
train\dao\dao-seal.svg.png,15
train\an1\6.jpg,2
train\wu1\_38_7227561.jpeg,41
train\bing\bing_05 (1).jpg,7
train\cao\_153_8209310.jpeg,8
train\zhe\_847_7225689.jpeg,46
train\shang\3505.png,35
train\cheng\_225_915620.jpeg,11
train\han\_435_4558649.jpeg,23
train\an\_36_1535990.jpeg,1
train\cheng\cheng_01.jpg,11
train\an\_256_9245817.jpeg,1
train\xin\_789_5591766.jpeg,43
train\bao\_240_9922011 (1).jpeg,5
train\chun\_251_958542.jpeg,13
train\ben\_122_2799025.jpeg,6
train\xue\_803_6981693.jpeg,44
train\jian\_517_9887832.jpeg,27
train\zhu\_884_5034464.jpeg,48
train\hai\_138_6514688.jpeg,22
train\chun\_259_1390769.jpeg,13
train\ting\3.jpg,39
train\cao\_157_4660025.jpeg,8
train\shi\_706_4110226.jpeg,38
train\lu\16.png,31
train\mian\3305.png,33
train\mian\330.png,33
train\dao\_199_6588071.jpeg,15
train\di\_338_6158520.jpeg,17
train\gou\gou_06.jpg,19
train\de\_310_2306487.jpeg,16
train\hai\hai_01.jpg,22
train\zhong\4605.png,47
train\ling\6.jpg,30
train\xue\38.jpg,44
train\mian\1.jpg,33
train\lu1\_616_5239448.jpeg,32
train\lu1\3205.png,32
train\hai\hai_05.jpg,22
train\gou\gou_05 (1).jpg,19
train\an\10.jpg,1
train\di\10.png,17
train\xue\4.jpg,44
train\ao\ao_05.jpg,3
train\chen\8.png,10
train\xue\_800_6041090.jpeg,44
train\cao1\419.jpg,9
train\sheng\_697_494495.jpeg,37
train\zhe\_852_2687299.jpeg,46
train\lu1\261.jpg,32
train\de\_320_9610639.jpeg,16
train\hao\_153_508795.jpeg,24
train\zhong\zhong-seal.svg.png,47
train\guang\5.jpg,20
train\cao\cao_01 (1).jpg,8
train\lao\_557_3617573.jpeg,29
train\shang\shang_04.jpg,35
train\dao\_202_2995184 (1).jpeg,15
train\lu1\_113_4236314.jpeg,32
train\de\_123_8124347.jpeg,16
train\lu1\5.png,32
train\ao\_73_9744257.jpeg,3
train\chen\chen_04.jpg,10
train\chun\32.jpg,13
train\zu\6.png,49
train\lao\_560_4097234.jpeg,29
train\bao\bao-seal.svg.png,5
train\xiang\_775_2618377.jpeg,42
train\lu1\lu1_05.jpg,32
train\dao\1505.png,15
train\bai\409.jpg,4
train\cun\cun_01.jpg,14
train\guang1\_410_5879863.jpeg,21
train\shang\shang_01.jpg,35
train\an\_29_4380524.jpeg,1
train\sheng\sheng_06 (1).jpg,37
train\an\an_04 (1).jpg,1
train\hai\_140_5329874.jpeg,22
train\zhao\_51_8193882.jpeg,45
train\dao\3.jpg,15
train\hao\_469_3821077.jpeg,24
train\zhao\48.jpg,45
train\hai\5.png,22
train\zhong\zhong_02 (1).jpg,47
train\an\an_04.jpg,1
train\cao1\41.jpg,9
train\jian\2.png,27
train\zhao\_53_9762850.jpeg,45
train\guang\_393_8370216.jpeg,20
train\shang\_666_2455774.jpeg,35
train\mian\4.jpg,33
train\cheng1\cheng1_04.jpg,12
train\an1\200.jpg,2
train\xue\381.jpg,44
train\dao\03.jpg,15
train\guang1\_396_3725843.jpeg,21
train\ao\_57_9321408.jpeg,3
train\de\_303_2692815.jpeg,16
train\lang\_77_1549632.jpeg,28
train\jian\3.png,27
train\hua\26.jpg,26
train\wu\_738_7865299.jpeg,40
train\zhe\_26_75720.jpeg,46
train\hua\_106_9042450.jpeg,26
train\lu\_69_9653654.jpeg,31
train\zhe\09.png,46
train\wu1\_753_6424142.jpeg,41
train\cao1\_226_7156174.jpeg,9
train\hua\hua_05.jpg,26
train\an\an_01.jpg,1
train\mian\mian_02 (1).jpg,33
train\nan\_654_7761926.jpeg,34
train\bing\bing_04.jpg,7
train\guang1\_410_5879863 (1).jpeg,21
train\mian\36.png,33
train\zhao\_821_7730376.jpeg,45
train\zhu\_874_3584808.jpeg,48
train\shao\shao_02.jpg,36
train\lang\35.png,28
train\zhe\zhe-seal.svg.png,46
train\hua\_501_5073181.jpeg,26
train\ben\ben_06 (1).jpg,6
train\ao\5.jpg,3
train\cun\_215_3832870.jpeg,14
train\hu\hu_06.jpg,25
train\lao\6.jpg,29
train\jian\jian_01.jpg,27
train\xiang\9.jpg,42
train\hai\_419_3320002.jpeg,22
train\hua\_492_708403.jpeg,26
train\xue\4305.png,44
train\cao\cao_03.jpg,8
train\xiang\_768_339055.jpeg,42
train\xiang\_773_8442599.jpeg,42
train\cheng1\_245_3638274.jpeg,12
train\de\de-seal.svg.png,16
train\nan\3.png,34
train\nan\8.jpg,34
train\xue\_23_6260643.jpeg,44
train\lu1\_109_3990827 (1).jpeg,32
train\zhao\zhao_06.jpg,45
train\ai\_260_2812364.jpeg,0
train\han\230.png,23
train\chun\chun_02.jpg,13
train\lu\_589_3078174.jpeg,31
train\bao\_240_9922011.jpeg,5
train\shi\_33_9782513.jpeg,38
train\ben\_221_2905482.jpeg,6
train\hao\240.png,24
train\bai\bai_04.jpg,4
train\cheng\6.jpg,11
train\wu\_729_5946673.jpeg,40
train\mian\_639_2904840.jpeg,33
train\zu\_901_2397178.jpeg,49
train\han\han_04.jpg,23
train\han\_447_2048607.jpeg,23
train\lu1\7.png,32
train\ben\_118_3325905.jpeg,6
train\xue\xue_01.jpg,44
train\lang\lang_01 (1).jpg,28
train\zhe\_841_7253673.jpeg,46
train\de\de_05 (1).jpg,16
train\zhao\_817_4147351.jpeg,45
train\zhe\_25_7592026.jpeg,46
train\shi\_711_931340.jpeg,38
train\lu\_597_1895888.jpeg,31
train\ao\_63_1801693.jpeg,3
train\dao\_295_3905939.jpeg,15
train\cao\31.png,8
train\zhe\_28_7244024.jpeg,46
train\zhu\_880_7296035.jpeg,48
train\ben\_126_8617783.jpeg,6
train\chun\chun_05.jpg,13
train\dao\9.png,15
train\hu\4.png,25
train\zu\_894_4694482.jpeg,49
train\zhu\zhu_01 (1).jpg,48
train\wu\_740_5428348.jpeg,40
train\bing\21.png,7
train\cheng\_221_3370621.jpeg,11
train\di\_321_2754564.jpeg,17
train\cun\cun_02 (1).jpg,14
train\mian\mian_01.jpg,33
train\wu\47.jpg,40
train\bing\31.jpg,7
train\xin\4.jpg,43
train\ai\_8_4961825.jpeg,0
train\chen\22.jpg,10
train\ai\_262_3797499.jpeg,0
train\lu\lu_01 (1).jpg,31
train\lu\_587_2365084.jpeg,31
train\di\23.jpg,17
train\ling\3.jpg,30
train\han\34.jpg,23
train\ai\_15_3427902.jpeg,0
train\ai\_14_7623732.jpeg,0
train\nan\nan-seal.svg.png,34
train\ben\2.jpg,6
train\an1\_47_7941758.jpeg,2
train\lu1\lu1_01 (1).jpg,32
train\cao1\_225_1371464.jpeg,9
train\an\4.png,1
train\cao\_165_1222244.jpeg,8
train\cheng1\03.jpg,12
train\hu\_177_5329388.jpeg,25
train\xiang\_771_8399878.jpeg,42
train\cao1\_172_6132109.jpeg,9
train\chun\_238_4078698.jpeg,13
train\an1\2.png,2
train\hua\hua_04.jpg,26
train\shi\shi_03.jpg,38
train\ai\7.jpg,0
train\zu\39.png,49
train\bao\019.jpg,5
train\ting\ting_05.jpg,39
train\lu\37.jpg,31
train\jian\5.png,27
train\bao\bao_03.jpg,5
train\lu\3.png,31
train\ao\ao_06 (1).jpg,3
train\an1\_269_8380654 (1).jpeg,2
train\cheng\_227_9225136.jpeg,11
train\ling\_117_8981113.jpeg,30
train\zhu\zhu_02.jpg,48
train\nan\nan_06.jpg,34
train\an1\_53_1094678.jpeg,2
train\an1\an1_01.jpg,2
train\cheng1\1205.png,12
train\nan\7.jpg,34
train\cheng\cheng_06.jpg,11
train\ben\4.jpg,6
train\chen\3.png,10
train\hai\_430_3002576.jpeg,22
train\guang1\guang1_05.jpg,21
train\an\8.png,1
train\cheng1\_241_396723.jpeg,12
train\shang\shang_06.jpg,35
train\xin\_43_1360821.jpeg,43
train\nan\1.jpg,34
train\han\_164_4421822.jpeg,23
train\cheng\_223_6556743.jpeg,11
train\xin\xin_06.jpg,43
train\hao\441.jpg,24
train\bao\_112_5569417 (1).jpeg,5
train\zu\4805.png,49
train\zhong\zhong_01.jpg,47
train\mian\mian_06 (1).jpg,33
train\xin\_43_1360821 (1).jpeg,43
train\jian\_97_9142033.jpeg,27
train\ting\7.png,39
train\guang\_383_6820954.jpeg,20
train\ben\11.jpg,6
train\cao\_206_8664672.jpeg,8
train\an\9.png,1
train\bai\_90_8405560.jpeg,4
train\bing\_231_7781992.jpeg,7
train\shang\shang_01 (1).jpg,35
train\cao\_164_6194475.jpeg,8
train\xue\xue_06 (1).jpg,44
train\guang\guang_01 (1).jpg,20
train\sheng\2.jpg,37
train\shao\image005.jpg,36
train\fan\fan_01 (1).jpg,18
train\shang\_63_6799301.jpeg,35
train\wu1\08.jpg,41
train\lao\_552_8602493.jpeg,29
train\dao\039.jpg,15
train\shao\1.png,36
train\chun\_234_6926062.jpeg,13
train\xue\38.png,44
train\di\di_02.jpg,17
train\cao1\905.png,9
train\ao\30.png,3
train\lao\lao_02 (1).jpg,29
train\shao\_690_6266251.jpeg,36
train\jian\2705.png,27
train\hu\_476_4317089.jpeg,25
train\ai\_262_3797499 (1).jpeg,0
train\hao\2405.png,24
train\dao\dao_01 (1).jpg,15
train\han\_436_981417.jpeg,23
train\cheng1\cheng1_02 (1).jpg,12
train\cheng\11.jpg,11
train\xin\_44_3369744.jpeg,43
train\cao\cao_02.jpg,8
train\ling\27.jpg,30
train\guang1\guang1_05 (1).jpg,21
train\mian\_86_1748793.jpeg,33
train\wu\wu_02.jpg,40
train\xin\xin_01.jpg,43
train\zhe\3.jpg,46
train\jian\_513_7176018.jpeg,27
train\ao\7.jpg,3
train\dao\dao_06.jpg,15
train\ao\301.png,3
train\nan\_91_8098970 (1).jpeg,34
train\zhong\zhong_02.jpg,47
train\ling\_580_4792698 (1).jpeg,30
train\cheng\_226_8036852.jpeg,11
train\zhu\29.png,48
train\bai\_272_1187658.jpeg,4
train\ai\_7_9254031.jpeg,0
train\cheng1\120.png,12
train\zhu\1.png,48
train\han\han_05 (1).jpg,23
train\ling\ling-seal.svg.png,30
train\fan\180.png,18
train\zhe\_850_9451974.jpeg,46
train\di\_161_4014565.jpeg,17
train\bai\_91_4741166.jpeg,4
train\bing\_229_3944360.jpeg,7
train\zhao\3.jpg,45
train\cao1\cao11-seal.svg.png,9
train\xiang\410.png,42
train\xiang\image006.jpg,42
train\hu\hu_05 (1).jpg,25
train\cao1\_171_4418301.jpeg,9
train\di\5.jpg,17
train\xin\210.jpg,43
train\jian\jian_06 (1).jpg,27
train\nan\12.jpg,34
train\xin\420.png,43
train\fan\_344_6393853.jpeg,18
train\bai\bai_03.jpg,4
train\lang\35.jpg,28
train\xue\430.png,44
train\bing\_138_3466514.jpeg,7
train\zu\zu_01.jpg,49
train\shao\_687_1443553.jpeg,36
train\shang\38.jpg,35
train\de\_308_1174562.jpeg,16
train\cheng\_186_5786512.jpeg,11
train\ao\ao_01.jpg,3
train\an\_35_2174176.jpeg,1
train\hu\_486_2588883.jpeg,25
train\cheng1\7.jpg,12
train\hu\_474_207229.jpeg,25
train\dao\dao_01.jpg,15
train\cao1\90.png,9
train\lang\lang-seal.svg.png,28
train\lang\lang_02 (1).jpg,28
train\an\6.png,1
train\nan\46.jpg,34
train\zhong\_858_9164893.jpeg,47
train\an\101.png,1
train\fan\fan_01.jpg,18
train\xue\3.jpg,44
train\wu1\4.png,41
train\cheng\cheng_04 (1).jpg,11
train\ai\_12_3715033.jpeg,0
train\hai\hai_06 (1).jpg,22
train\wu1\_757_81941.jpeg,41
train\cao\9.png,8
train\lu1\_111_6384082.jpeg,32
train\bao\4.png,5
train\chun\chun_05 (1).jpg,13
train\nan\nan_02 (1).jpg,34
train\cao1\_188_2536706.jpeg,9
train\bing\_139_4742888.jpeg,7
train\dao\7.jpg,15
train\shao\7.jpg,36
train\han\2305.png,23
train\nan\nan_01.jpg,34
train\gou\1.png,19
train\ben\605.png,6
train\shi\shi_01.jpg,38
train\hai\_417_8910727.jpeg,22
train\guang\_382_1118807.jpeg,20
train\chen\1005.png,10
train\bai\_87_5422624.jpeg,4
train\xiang\xiang_06 (1).jpg,42
train\shao\shao_02 (1).jpg,36
train\chun\chun_03 (1).jpg,13
train\bing\_233_9772645.jpeg,7
train\fan\fan_06.jpg,18
train\jian\_97_9142033 (1).jpeg,27
train\de\_317_5927279.jpeg,16
train\hao\44.jpg,24
train\lu\lu_06.jpg,31
train\guang1\10.jpg,21
train\lu\lu-seal.svg.png,31
train\zhong\_872_4225298.jpeg,47
train\xin\_42_2096252.jpeg,43
train\an1\an1_03.jpg,2
train\guang1\6.png,21
train\hao\hao_05.jpg,24
train\zhe\_842_6814104.jpeg,46
train\de\1605.png,16
train\ting\37.jpg,39
train\zhu\_886_4345005.jpeg,48
train\shang\shang_06 (1).jpg,35
train\bing\_149_7003791.jpeg,7
train\hai\_413_3930090.jpeg,22
train\hai\_143_3987077.jpeg,22
train\hu\_477_832760.jpeg,25
train\ling\_577_4794554.jpeg,30
train\shang\shang_02.jpg,35
train\zhe\_29_3898756.jpeg,46
train\chun\5.jpg,13
train\zhong\460.png,47
train\hu\051.jpg,25
train\bao\bao_02.jpg,5
train\cun\_282_7871195.jpeg,14
train\ben\21.jpg,6
train\gou\4.jpg,19
train\guang1\_406_3058437.jpeg,21
train\cao\_165_1222244 (1).jpeg,8
train\fan\fan_02.jpg,18
train\lu1\lu1_03.jpg,32
train\cheng\12 (1).jpg,11
train\wu1\wu1_04 (1).jpg,41
train\cun\_269_5080826.jpeg,14
train\ai\_259_8692637 (1).jpeg,0
train\sheng\271.jpg,37
train\fan\_354_2465782.jpeg,18
train\an1\_265_7721289.jpeg,2
train\chun\_249_6592039.jpeg,13
train\lu\2.jpg,31
train\guang1\_133_5059227.jpeg,21
train\guang\_168_6128126 (1).jpeg,20
train\cao\_170_4366681.jpeg,8
train\an1\5.jpg,2
train\zhu\3.png,48
train\cheng\7.png,11
train\gou\_361_4785252.jpeg,19
train\cao1\41.png,9
train\guang1\_411_3127580.jpeg,21
train\dao\_288_7011690.jpeg,15
train\chun\_263_9305861.jpeg,13
train\guang\_169_1341686.jpeg,20
train\guang1\_399_9422110.jpeg,21
train\de\_319_921163 (1).jpeg,16
train\cao\319.jpg,8
train\ling\ling_05 (1).jpg,30
train\hai\_143_3987077 (1).jpeg,22
train\ling\_570_3597474.jpeg,30
train\xin\_782_4316922.jpeg,43
train\lu1\08.jpg,32
train\wu1\_36_9581705.jpeg,41
train\zhao\4405.png,45
train\fan\_343_875991.jpeg,18
train\xin\28.jpg,43
train\shang\_677_9981142.jpeg,35
train\bing\_136_7753461.jpeg,7
train\wu1\wu1_01 (1).jpg,41
train\lang\_528_2076557.jpeg,28
train\bai\_273_256366.jpeg,4
train\shao\shao_01 (1).jpg,36
train\lu1\lu1_06.jpg,32
train\ao\_69_1789987.jpeg,3
train\cao\_169_905170.jpeg,8
train\zu\_893_2320300.jpeg,49
train\di\239.jpg,17
train\ben\_131_3080358.jpeg,6
train\zu\_13_194795.jpeg,49
train\dao\_296_3710848.jpeg,15
train\mian\18.jpg,33
train\lao\8.jpg,29
train\lu\_67_5378761.jpeg,31
train\zhao\1.jpg,45
train\hu\_179_3929617.jpeg,25
train\ben\_221_2905482 (1).jpeg,6
train\cun\42.jpg,14
train\ben\_217_8869862.jpeg,6
train\cao1\_175_7958996.jpeg,9
train\lao\2.jpg,29
train\bing\_143_297703.jpeg,7
train\zu\1.jpg,49
train\sheng\370.png,37
train\jian\4.png,27
train\hua\_504_9247682.jpeg,26
train\hu\_481_2082627.jpeg,25
train\zhe\111.jpg,46
train\zhe\zhe_03 (1).jpg,46
train\zhao\_49_3002745 (1).jpeg,45
train\zhao\zhao_04.jpg,45
train\chen\_191_8313105.jpeg,10
train\guang1\guang1_06.jpg,21
train\ben\_117_1538389.jpeg,6
train\gou\_373_7953283.jpeg,19
train\xue\_802_4269498.jpeg,44
train\cao1\_178_8032754.jpeg,9
train\gou\_126_4766280.jpeg,19
train\hai\_414_6987262.jpeg,22
train\ben\_127_9447853.jpeg,6
train\bai\5.jpg,4
train\ben\ben_02.jpg,6
train\chun\chun_02 (1).jpg,13
train\sheng\4.jpg,37
train\ting\ting-seal.svg.png,39
train\cheng1\cheng1_01 (1).jpg,12
train\de\_125_244730.jpeg,16
train\zhe\_848_6894565.jpeg,46
train\de\de_06 (1).jpg,16
train\zhao\zhao_03 (1).jpg,45
train\an\_25_5708568.jpeg,1
train\nan\nan_03.jpg,34
train\cao1\_176_7103802.jpeg,9
train\han\han_01 (1).jpg,23
train\zhong\zhong_05.jpg,47
train\mian\_88_890578.jpeg,33
train\shang\_64_2650314.jpeg,35
train\ling\06.jpg,30
train\cheng\cheng_05.jpg,11
train\de\_120_1720698.jpeg,16
train\bai\6.jpg,4
train\an1\an1_05.jpg,2
train\ao\3.png,3
train\nan\nan_02.jpg,34
train\fan\fan_04.jpg,18
train\wu\wu_04.jpg,40
train\cun\cun_04 (1).jpg,14
train\dao\dao_05 (1).jpg,15
train\lu1\_605_8079706.jpeg,32
train\shang\_661_9874933.jpeg,35
train\cao\5.jpg,8
train\lu1\6.jpg,32
train\de\3.png,16
train\lu1\lu1_05 (1).jpg,32
train\ai\_1_1694104.jpeg,0
train\bing\bing_06.jpg,7
train\cao1\_227_3169734.jpeg,9
train\zu\11.png,49
train\cun\_270_9484176.jpeg,14
train\ben\7.jpg,6
train\ling\_576_5571152.jpeg,30
train\ling\_568_1635059.jpeg,30
train\hai\7.jpg,22
train\ao\_75_5753596.jpeg,3
train\chun\chun_06 (1).jpg,13
train\xue\_804_8286605.jpeg,44
train\cao1\cao1_06 (1).jpg,9
train\an1\_39_9728223.jpeg,2
train\shi\_30_8261847.jpeg,38
train\zhao\zhao_02.jpg,45
train\hao\_452_1297492.jpeg,24
train\ben\_218_6897562.jpeg,6
train\hai\_425_9406958.jpeg,22
train\nan\340.png,34
train\fan\fan_06 (1).jpg,18
train\shi\_708_4439192.jpeg,38
train\lu1\_620_8124542.jpeg,32
train\guang1\2105.png,21
train\ting\ting_01.jpg,39
train\cun\1405.png,14
train\zu\_14_9245337.jpeg,49
train\zhao\zhao_03.jpg,45
train\gou\1905.png,19
train\di\di_06.jpg,17
train\chen\chen_02.jpg,10
train\dao\_298_3779714.jpeg,15
train\zhong\19.jpg,47
train\hu\_482_3096987.jpeg,25
train\lang\lang_02.jpg,28
train\xin\xin_02.jpg,43
train\wu1\_756_5320373.jpeg,41
train\lu1\lu1_02.jpg,32
train\xin\9.jpg,43
train\ling\4.png,30
train\lu\_594_5344558.jpeg,31
train\guang\_389_132248.jpeg,20
train\bing\3.jpg,7
train\hao\hao_06 (1).jpg,24
train\zhu\_59_3185228.jpeg,48
train\shao\5.png,36
train\cao1\_223_8244415.jpeg,9
train\bai\2.jpg,4
train\cao1\3.jpg,9
train\han\5.jpg,23
train\zhu\_890_5697907.jpeg,48
train\han\_162_2729724.jpeg,23
train\ao\_63_1801693 (1).jpeg,3
train\an1\_43_7296697.jpeg,2
train\ting\image001.jpg,39
train\wu\39.jpg,40
train\wu1\08.png,41
train\zhao\_829_2752237.jpeg,45
train\zhe\zhe_02.jpg,46
train\lao\lao_02.jpg,29
train\dao\_293_2869940.jpeg,15
train\xin\_795_6989923.jpeg,43
train\cun\_211_1022021.jpeg,14
train\zhong\6.jpg,47
train\hu\_488_1639651.jpeg,25
train\an\_37_9574884.jpeg,1
train\de\de_02.jpg,16
train\di\di-seal.svg.png,17
train\hua\_491_9417961.jpeg,26
train\wu\3905.png,40
train\hua\hua_01.jpg,26
train\bao\1.png,5
train\bao\_112_5569417.jpeg,5
train\hu\hu_04.jpg,25
train\wu\wu_06 (1).jpg,40
train\hu\hu-seal.svg.png,25
train\cun\cun-seal.svg.png,14
train\shang\_675_6970304.jpeg,35
train\hao\_451_295750.jpeg,24
train\cao\6.jpg,8
train\shao\_688_6239245 (1).jpeg,36
train\chun\_247_6579035.jpeg,13
train\bai\_82_4734706.jpeg,4
train\de\5.png,16
train\jian\_523_3053702.jpeg,27
train\bai\0100.jpg,4
train\bao\_105_1442941.jpeg,5
train\dao\dao_02.jpg,15
train\zu\391.jpg,49
train\lu1\_110_6410833.jpeg,32
train\shi\_709_9819858.jpeg,38
train\guang\guang_02.jpg,20
train\zhong\_6_1033671.jpeg,47
train\gou\gou_05.jpg,19
train\ai\_17_2257076.jpeg,0
train\cun\_277_1941690.jpeg,14
train\cao\cao_06.jpg,8
train\cheng1\_196_6978799 (1).jpeg,12
train\bao\_108_4136712.jpeg,5
train\ai\ai_02.jpg,0
train\an\_20_1854407.jpeg,1
train\hua\260.png,26
train\cao\_162_7107008.jpeg,8
train\an\10.png,1
train\hao\hao-seal.svg.png,24
train\cheng\_212_2470559.jpeg,11
train\chun\_260_9153107.jpeg,13
train\an1\201.png,2
train\cheng1\_231_9616651.jpeg,12
train\hua\hua_01 (1).jpg,26
train\mian\_638_7427150.jpeg,33
train\ao\_249_8961568.jpeg,3
train\zhong\zhong_06.jpg,47
train\shi\shi-seal.svg.png,38
train\cao1\_184_8954907.jpeg,9
train\jian\_100_3026533.jpeg,27
train\di\_337_8112474.jpeg,17
train\xue\_20_5527828.jpeg,44
train\ting\1.jpg,39
train\lang\1.jpg,28
train\an1\3.jpg,2
train\lao\45.png,29
train\ting\_725_4580979.jpeg,39
train\chen\_193_1605706.jpeg,10
train\hai\hai_06.jpg,22
train\ao\_61_1507678.jpeg,3
train\shi\_703_6229531.jpeg,38
train\shang\4.jpg,35
train\cheng\cheng_06 (1).jpg,11
train\nan\nan_04.jpg,34
train\cheng\_211_9631634.jpeg,11
train\ai\005.png,0
train\hu\hu_02 (1).jpg,25
train\cun\_268_7367762.jpeg,14
train\bai\8.jpg,4
train\ao\ao_02.jpg,3
train\sheng\6.jpg,37
train\an\_256_9245817 (1).jpeg,1
train\lao\_554_853759.jpeg,29
train\xin\_794_6323927.jpeg,43
train\xue\_812_6654522.jpeg,44
train\xue\_21_517818.jpeg,44
train\fan\_345_8422862.jpeg,18
train\ao\_72_9613975.jpeg,3
train\gou\43.png,19
train\ao\_68_5048348.jpeg,3
train\xin\_46_2196342 (1).jpeg,43
train\bao\5.png,5
train\hao\hao_01.jpg,24
train\fan\_340_6954541.jpeg,18
train\mian\_629_9010558.jpeg,33
train\cao1\_183_5111102.jpeg,9
train\guang\04.png,20
train\guang1\guang1-seal.svg.png,21
train\chun\13.jpg,13
train\xin\_792_9609827.jpeg,43
train\gou\_372_298630 (1).jpeg,19
train\han\han_05.jpg,23
train\guang1\141.jpg,21
train\han\_439_7637358.jpeg,23
train\chen\chen_02 (1).jpg,10
train\hao\_456_1693004.jpeg,24
train\gou\431.jpg,19
train\cao\31.jpg,8
train\nan\_655_6630557.jpeg,34
train\cao1\cao1_04.jpg,9
train\sheng\sheng_01.jpg,37
train\de\13.png,16
train\chen\6.jpg,10
train\wu\2.png,40
train\hua\hua_05 (1).jpg,26
train\zhu\zhu_06.jpg,48
train\zhao\6.jpg,45
train\guang\_377_5784162.jpeg,20
train\ai\_18_6900143.jpeg,0
train\jian\270.png,27
train\bao\3.png,5
train\sheng\sheng_06.jpg,37
train\ai\4.jpg,0
train\ting\_718_2202188.jpeg,39
train\han\han_06 (1).jpg,23
train\zhu\_57_676249.jpeg,48
train\shao\_684_379686.jpeg,36
train\jian\251.jpg,27
train\bao\11.jpg,5
train\di\di_05 (1).jpg,17
train\wu\47.png,40
train\guang\guang_05.jpg,20
train\cun\cun_06 (1).jpg,14
train\ai\_16_4592223.jpeg,0
train\chen\chen-seal.svg.png,10
train\chun\_261_1968938.jpeg,13
train\hao\2.jpg,24
train\di\_330_2148207.jpeg,17
train\cheng\_187_5642225.jpeg,11
train\zhe\zhe_05.jpg,46
train\hao\5.jpg,24
train\ling\ling_02.jpg,30
train\zhe\4.png,46
train\zu\_17_7029272.jpeg,49
train\zu\zu_05.jpg,49
train\wu1\wu1_04.jpg,41
train\di\_159_1119582.jpeg,17
train\wu1\wu1_06 (1).jpg,41
train\wu\6.jpg,40
train\ai\_13_2645761.jpeg,0
train\wu1\010.jpg,41
train\lu1\lu1_02 (1).jpg,32
train\mian\mian_02.jpg,33
train\guang\3.jpg,20
train\bai\1.jpg,4
train\dao\5.jpg,15
train\lu\_70_8090857.jpeg,31
train\bai\401.png,4
train\hua\_103_3339431.jpeg,26
train\zhu\_885_4765177.jpeg,48
train\bing\_146_792186.jpeg,7
train\lu\_585_3316006.jpeg,31
train\cao\_159_6492077.jpeg,8
train\fan\_342_8993901.jpeg,18
train\fan\_354_2465782 (1).jpeg,18
train\hai\24.png,22
train\shao\_682_466932.jpeg,36
train\cun\cun_05.jpg,14
train\han\_165_2586507.jpeg,23
train\jian\_515_8843359.jpeg,27
train\di\8.jpg,17
train\fan\fan_03.jpg,18
train\shi\shi_06.jpg,38
train\di\di_01 (1).jpg,17
train\guang1\guang1_01 (1).jpg,21
train\bai\_275_5187942 (1).jpeg,4
train\ben\ben_01.jpg,6
train\hai\6.png,22
train\an\an_05.jpg,1
train\cheng\cheng_03.jpg,11
train\xue\xue_03.jpg,44
train\zhu\_882_2312775.jpeg,48
train\zhe\_837_4106544.jpeg,46
train\cheng1\cheng1_05.jpg,12
train\cao\2.jpg,8
train\ling\ling_04.jpg,30
train\guang\_392_4191771.jpeg,20
train\de\_306_9630310.jpeg,16
train\lu1\_109_3990827.jpeg,32
train\xue\7.jpg,44
train\cao1\cao1_05 (1).jpg,9
train\zhao\zhao_05.jpg,45
train\shang\07.jpg,35
train\mian\_640_8324351.jpeg,33
train\zhong\19.png,47
train\cao\cao_04.jpg,8
train\guang\11.jpg,20
train\cun\_266_2580495.jpeg,14
train\an1\_51_1530739.jpeg,2
train\hai\_431_6674730.jpeg,22
train\an1\_56_913627.jpeg,2
train\cao1\cao1_05.jpg,9
train\cheng\cheng_01 (1).jpg,11
train\guang\_380_8739568.jpeg,20
train\zhao\011.jpg,45
train\fan\1805.png,18
train\hao\3.jpg,24
train\wu\_737_7888273.jpeg,40
train\han\34.png,23
train\shang\shang_05.jpg,35
train\cheng\110.png,11
train\bao\2.jpg,5
train\fan\_145_4624688.jpeg,18
train\shang\_662_1050873.jpeg,35
train\zu\_904_1278306.jpeg,49
train\shang\_672_6698035.jpeg,35
train\ai\ai_01 (1).jpg,0
train\cheng\_217_4082026.jpeg,11
train\cheng\32.jpg,11
train\lao\lao_04.jpg,29
train\cun\3.png,14
train\shao\09.jpg,36
train\wu1\400.png,41
train\hai\hai_05 (1).jpg,22
train\wu1\1.jpg,41
train\sheng\_699_5415442.jpeg,37
train\lu\_600_5605441 (1).jpeg,31
train\ao\_250_2514881.jpeg,3
train\zhong\_859_7786919.jpeg,47
train\bing\bing_02 (1).jpg,7
train\zhong\_861_7631584.jpeg,47
train\nan\_647_9154220.jpeg,34
train\guang\_379_7099846.jpeg,20
train\lao\_562_6918218.jpeg,29
train\fan\_347_2179338.jpeg,18
train\ao\300.jpg,3
train\shang\_663_5058506.jpeg,35
train\wu\_743_3051452.jpeg,40
train\shao\shao_01.jpg,36
train\jian\_511_3631558.jpeg,27
train\dao\_299_4637726.jpeg,15
train\sheng\_692_9766744.jpeg,37
train\bao\505.png,5
train\cheng1\_243_5326321.jpeg,12
train\dao\dao_02 (1).jpg,15
train\nan\_94_3935526.jpeg,34
train\zhu\zhu_05.jpg,48
train\chen\chen_05 (1).jpg,10
train\gou\gou_02.jpg,19
train\gou\5.jpg,19
train\guang1\guang1_01.jpg,21
train\bao\_244_4832446.jpeg,5
train\wu1\wu1_06.jpg,41
train\lang\_543_7901993.jpeg,28
train\shi\_32_5124906.jpeg,38
train\ting\ting_06.jpg,39
train\dao\_201_1195778.jpeg,15
train\shang\_670_5450834.jpeg,35
train\lang\_534_5976074.jpeg,28
train\jian\_101_7689359.jpeg,27
train\cun\cun_01 (1).jpg,14
train\xin\4205.png,43
train\nan\_95_4159259.jpeg,34
train\zhu\_56_5154988.jpeg,48
train\shang\_673_1667369.jpeg,35
train\nan\_650_2430023.jpeg,34
train\bing\_140_1421264.jpeg,7
train\guang1\guang1_04.jpg,21
train\de\_315_470850.jpeg,16
train\zhong\191.jpg,47
train\shao\_679_573013.jpeg,36
train\xiang\110.jpg,42
train\bai\_89_5654892.jpeg,4
train\shao\shao_05.jpg,36
train\fan\fan_02 (1).jpg,18
train\hao\_155_662162.jpeg,24
train\hua\hua_02.jpg,26
train\zhe\2.png,46
train\hao\_464_9028127.jpeg,24
train\de\_307_8154919.jpeg,16
train\an1\an1_01 (1).jpg,2
train\guang1\guang1_06 (1).jpg,21
train\lao\_558_3922790.jpeg,29
train\ai\3.jpg,0
train\lao\lao_01.jpg,29
train\an1\209.jpg,2
train\ling\_114_3506612 (1).jpeg,30
train\jian\jian_01 (1).jpg,27
train\shang\350.png,35
train\ben\_220_287653.jpeg,6
train\nan\3405.png,34
train\ai\ai_01.jpg,0
train\bai\_78_6487657.jpeg,4
train\di\_328_5019221.jpeg,17
train\di\_322_6037270.jpeg,17
train\zhong\_860_6647074.jpeg,47
train\shao\shao-seal.svg.png,36
train\jian\_98_4345304.jpeg,27
train\guang1\3.png,21
train\hai\hai-seal.svg.png,22
train\guang\_378_1515631.jpeg,20
train\lu1\_611_2067339.jpeg,32
train\cao1\1.png,9
train\guang\6.jpg,20
train\zhong\_11_4786937.jpeg,47
train\ai\_259_8692637.jpeg,0
train\hao\_150_9532936.jpeg,24
train\gou\190.png,19
train\zhong\1.png,47
train\shang\_62_3217640.jpeg,35
train\de\de_04.jpg,16
train\hu\hu_05.jpg,25
train\bao\_241_5211997 (1).jpeg,5
train\lu1\_610_3031756.jpeg,32
train\guang1\2.png,21
train\lang\_539_5825678 (1).jpeg,28
train\zu\5.jpg,49
train\ao\305.png,3
train\shang\shang_03.jpg,35
train\jian\_99_7902760.jpeg,27
train\xin\xin_06 (1).jpg,43
train\zhong\_867_5666833.jpeg,47
train\shao\6.jpg,36
train\de\_314_9147276 (1).jpeg,16
train\chen\_206_481657.jpeg,10
train\ling\300.png,30
train\zhong\_856_4917907.jpeg,47
train\zhe\zhe_05 (1).jpg,46
train\cun\_214_3205294.jpeg,14
train\zhong\_857_7128595.jpeg,47
train\an1\an1_06.jpg,2
train\bai\40.png,4
train\cao1\cao1_01.jpg,9
train\guang1\8.png,21
train\wu\_2_443121.jpeg,40
train\zu\_892_5648119.jpeg,49
train\jian\1.png,27
train\mian\mian_03.jpg,33
train\xin\_788_9485854.jpeg,43
train\mian\_626_5702428.jpeg,33
train\wu1\7.jpg,41
train\bao\_104_6576484.jpeg,5
train\ao\_67_1123586.jpeg,3
train\bing\bing_05.jpg,7
train\chen\_194_9491481.jpeg,10
train\cao1\12.jpg,9
train\an\_252_9331758.jpeg,1
train\xin\28.png,43
train\fan\1.png,18
train\gou\gou_02 (1).jpg,19
train\bai\_76_4102973.jpeg,4
train\zhu\_54_5875640.jpeg,48
train\ben\119.jpg,6
train\zhe\4505.png,46
train\guang\05.jpg,20
train\an\5.jpg,1
train\de\de_06.jpg,16
train\ao\_68_5048348 (1).jpeg,3
train\zhao\zhao_01.jpg,45
train\guang1\4.png,21
train\cheng1\cheng1_06.jpg,12
train\jian\25.jpg,27
train\lang\_545_4892894.jpeg,28
train\nan\_651_6296449.jpeg,34
train\cao\_161_6361591.jpeg,8
train\fan\_351_3676881.jpeg,18
train\an1\_45_9694542.jpeg,2
train\fan\33.png,18
train\chen\4.png,10
train\de\_314_9147276.jpeg,16
train\xin\_791_6319732.jpeg,43
train\ling\_579_9192301.jpeg,30
train\jian\jian_06.jpg,27
train\fan\_341_5852670.jpeg,18
train\lao\lao_03.jpg,29
train\zhao\2.jpg,45
train\cao\_208_7353390.jpeg,8
train\zhe\1.png,46
train\cheng1\2.jpg,12
train\ben\ben_06.jpg,6
train\ai\_258_4128595.jpeg,0
train\shao\2.jpg,36
train\dao\6.jpg,15
train\bing\1.png,7
train\wu\5.png,40
train\hao\hao_02.jpg,24
train\hao\_461_8070940.jpeg,24
train\lang\lang_05 (1).jpg,28
train\sheng\7.png,37
train\mian\_637_122116.jpeg,33
train\di\di_05.jpg,17
train\de\4.png,16
train\dao\_300_2695023.jpeg,15
train\bao\_96_4822414.jpeg,5
train\wu1\8.jpg,41
train\lao\_561_997426.jpeg,29
train\zhe\_838_9803795.jpeg,46
train\lao\lao-seal.svg.png,29
train\hai\_141_2707767.jpeg,22
train\bing\bing_03.jpg,7
train\cheng\1.jpg,11
train\lang\_72_385000.jpeg,28
train\di\_333_5281195.jpeg,17
train\han\han_06.jpg,23
train\cheng\12.jpg,11
train\ling\3005.png,30
train\wu\wu_05 (1).jpg,40
train\cheng1\4.jpg,12
train\guang\_376_544823.jpeg,20
train\cun\cun_06.jpg,14
train\gou\_358_2240266.jpeg,19
train\zhu\zhu_04.jpg,48
train\gou\_363_7195387.jpeg,19
train\mian\_634_2958461 (1).jpeg,33
train\an1\20.png,2
train\hai\_422_4734600.jpeg,22
train\wu1\_763_4271364.jpeg,41
train\hu\_178_9191518.jpeg,25
train\cao\cao_06 (1).jpg,8
train\cao1\cao1_02.jpg,9
train\zhao\5.jpg,45
train\ting\_724_4978407.jpeg,39
train\di\3.jpg,17
train\bao\bao_04.jpg,5
train\han\_448_4957020.jpeg,23
train\sheng\sheng_02.jpg,37
train\lang\280.png,28
train\an\an_05 (1).jpg,1
train\hu\16.jpg,25
train\hao\hao_06.jpg,24
train\an\an_03.jpg,1
train\lu\_595_1144624.jpeg,31
train\wu\_740_5428348 (1).jpeg,40
train\wu1\_758_4724543.jpeg,41
train\cun\1.jpg,14
train\wu1\wu1_01.jpg,41
train\lang\_542_9714742.jpeg,28
train\ling\ling_05.jpg,30
train\hua\_490_2744576.jpeg,26
train\hu\1.jpg,25
train\an1\an1_04.jpg,2
train\xue\_814_9526448.jpeg,44
train\ting\3805.png,39
train\bing\_147_5039565.jpeg,7
train\bai\7.png,4
train\lu\_586_3449226.jpeg,31
train\di\di_06 (1).jpg,17
train\shi\shi_04.jpg,38
train\an1\an1_06 (1).jpg,2
train\hao\_155_662162 (1).jpeg,24
train\zhao\7.jpg,45
train\chen\_204_2312664 (1).jpeg,10
train\cao1\_225_1371464 (1).jpeg,9
train\cao\_207_397747.jpeg,8
train\hu\hu_01 (1).jpg,25
train\xiang\1.png,42
train\ling\_567_5263373.jpeg,30
train\zu\3.jpg,49
train\ben\_121_8648829.jpeg,6
train\guang\_385_8816187.jpeg,20
train\ao\_247_2738762.jpeg,3
train\guang\guang_04.jpg,20
train\fan\fan_05.jpg,18
train\chun\1305.png,13
train\ben\ben-seal.svg.png,6
train\cun\6.jpg,14
train\ao\_71_8951523.jpeg,3
train\zhe\_24_8464664.jpeg,46
train\lao\lao_06.jpg,29
train\gou\gou_06 (1).jpg,19
train\hu\2505.png,25
train\nan\5.jpg,34
train\wu\wu_02 (1).jpg,40
train\xiang\8.png,42
train\ling\_581_734578.jpeg,30
train\xin\xin_04.jpg,43
train\cun\140.png,14
train\hai\1.png,22
train\hua\3.png,26
train\zhong\_8_9291377.jpeg,47
train\zhu\_889_9281110.jpeg,48
